Date,Time,Temp,Humidity,Barometer
01-May-19,12:00 AM,18 °C,35%,1009 mbar
01-May-19,2:00 AM,18 °C,35%,1009 mbar
01-May-19,3:00 AM,17 °C,36%,1009 mbar
01-May-19,5:00 AM,18 °C,40%,1009 mbar
01-May-19,6:00 AM,15 °C,65%,1010 mbar
01-May-19,8:00 AM,15 °C,79%,1010 mbar
01-May-19,9:00 AM,16 °C,76%,1011 mbar
01-May-19,11:00 AM,20 °C,59%,1012 mbar
01-May-19,12:00 PM,21 °C,55%,1012 mbar
01-May-19,2:00 PM,21 °C,51%,1012 mbar
01-May-19,3:00 PM,21 °C,52%,1012 mbar
01-May-19,5:00 PM,17 °C,81%,1012 mbar
01-May-19,6:00 PM,16 °C,87%,1013 mbar
01-May-19,8:00 PM,15 °C,88%,1014 mbar
01-May-19,9:00 PM,15 °C,90%,1014 mbar
01-May-19,11:00 PM,16 °C,91%,1014 mbar
02-May-19,12:00 AM,17 °C,88%,1013 mbar
02-May-19,2:00 AM,15 °C,88%,1014 mbar
02-May-19,3:00 AM,15 °C,85%,1013 mbar
02-May-19,5:00 AM,15 °C,86%,1015 mbar
02-May-19,6:00 AM,14 °C,87%,1016 mbar
02-May-19,8:00 AM,14 °C,88%,1017 mbar
02-May-19,9:00 AM,14 °C,79%,1018 mbar
02-May-19,11:00 AM,17 °C,67%,1017 mbar
02-May-19,12:00 PM,18 °C,59%,1016 mbar
02-May-19,2:00 PM,20 °C,41%,1015 mbar
02-May-19,3:00 PM,20 °C,43%,1015 mbar
02-May-19,5:00 PM,18 °C,45%,1014 mbar
02-May-19,6:00 PM,17 °C,53%,1015 mbar
02-May-19,8:00 PM,15 °C,72%,1016 mbar
02-May-19,9:00 PM,14 °C,75%,1016 mbar
02-May-19,11:00 PM,13 °C,84%,1016 mbar
03-May-19,12:00 AM,13 °C,85%,1016 mbar
03-May-19,2:00 AM,10 °C,86%,1017 mbar
03-May-19,3:00 AM,9 °C,90%,1016 mbar
03-May-19,5:00 AM,8 °C,93%,1016 mbar
03-May-19,6:00 AM,8 °C,93%,1016 mbar
03-May-19,8:00 AM,9 °C,92%,1017 mbar
03-May-19,9:00 AM,12 °C,84%,1017 mbar
03-May-19,11:00 AM,16 °C,51%,1016 mbar
03-May-19,12:00 PM,17 °C,51%,1016 mbar
03-May-19,2:00 PM,18 °C,47%,1014 mbar
03-May-19,3:00 PM,17 °C,43%,1014 mbar
03-May-19,5:00 PM,16 °C,51%,1014 mbar
03-May-19,6:00 PM,14 °C,56%,1014 mbar
03-May-19,8:00 PM,14 °C,59%,1015 mbar
03-May-19,9:00 PM,14 °C,60%,1015 mbar
03-May-19,11:00 PM,13 °C,66%,1016 mbar
04-May-19,12:00 AM,12 °C,70%,1015 mbar
04-May-19,2:00 AM,12 °C,89%,1016 mbar
04-May-19,3:00 AM,11 °C,90%,1016 mbar
04-May-19,5:00 AM,11 °C,90%,1017 mbar
04-May-19,6:00 AM,11 °C,90%,1018 mbar
04-May-19,8:00 AM,10 °C,90%,1019 mbar
04-May-19,9:00 AM,10 °C,81%,1020 mbar
04-May-19,11:00 AM,12 °C,74%,1021 mbar
04-May-19,12:00 PM,12 °C,73%,1021 mbar
04-May-19,2:00 PM,15 °C,66%,1021 mbar
04-May-19,3:00 PM,14 °C,73%,1021 mbar
04-May-19,5:00 PM,12 °C,69%,1023 mbar
04-May-19,6:00 PM,11 °C,75%,1023 mbar
04-May-19,8:00 PM,11 °C,73%,1024 mbar
04-May-19,9:00 PM,11 °C,78%,1025 mbar
04-May-19,11:00 PM,11 °C,77%,1025 mbar
05-May-19,12:00 AM,11 °C,77%,1025 mbar
05-May-19,2:00 AM,10 °C,81%,1025 mbar
05-May-19,3:00 AM,10 °C,86%,1025 mbar
05-May-19,5:00 AM,10 °C,91%,1025 mbar
05-May-19,6:00 AM,10 °C,91%,1026 mbar
05-May-19,8:00 AM,10 °C,93%,1026 mbar
05-May-19,9:00 AM,11 °C,93%,1026 mbar
05-May-19,11:00 AM,13 °C,78%,1026 mbar
05-May-19,12:00 PM,14 °C,67%,1026 mbar
05-May-19,2:00 PM,16 °C,57%,1025 mbar
05-May-19,3:00 PM,15 °C,56%,1025 mbar
05-May-19,5:00 PM,14 °C,64%,1025 mbar
05-May-19,6:00 PM,13 °C,69%,1025 mbar
05-May-19,8:00 PM,11 °C,76%,1025 mbar
05-May-19,9:00 PM,10 °C,80%,1025 mbar
05-May-19,11:00 PM,10 °C,85%,1025 mbar
06-May-19,12:00 AM,11 °C,81%,1025 mbar
06-May-19,2:00 AM,10 °C,89%,1024 mbar
06-May-19,3:00 AM,10 °C,92%,1024 mbar
06-May-19,5:00 AM,9 °C,94%,1023 mbar
06-May-19,6:00 AM,9 °C,95%,1023 mbar
06-May-19,8:00 AM,10 °C,97%,1024 mbar
06-May-19,9:00 AM,10 °C,97%,1024 mbar
06-May-19,11:00 AM,12 °C,92%,1024 mbar
06-May-19,12:00 PM,13 °C,74%,1023 mbar
06-May-19,2:00 PM,14 °C,62%,1021 mbar
06-May-19,3:00 PM,15 °C,60%,1020 mbar
06-May-19,5:00 PM,14 °C,57%,1019 mbar
06-May-19,6:00 PM,12 °C,66%,1019 mbar
06-May-19,8:00 PM,8 °C,84%,1019 mbar
06-May-19,9:00 PM,7 °C,89%,1019 mbar
06-May-19,11:00 PM,6 °C,93%,1018 mbar
07-May-19,12:00 AM,6 °C,94%,1018 mbar
07-May-19,2:00 AM,6 °C,96%,1016 mbar
07-May-19,3:00 AM,5 °C,96%,1016 mbar
07-May-19,5:00 AM,4 °C,95%,1015 mbar
07-May-19,6:00 AM,5 °C,96%,1014 mbar
07-May-19,8:00 AM,7 °C,93%,1014 mbar
07-May-19,9:00 AM,11 °C,79%,1013 mbar
07-May-19,11:00 AM,15 °C,56%,1012 mbar
07-May-19,12:00 PM,16 °C,49%,1011 mbar
07-May-19,2:00 PM,18 °C,47%,1009 mbar
07-May-19,3:00 PM,17 °C,47%,1008 mbar
07-May-19,5:00 PM,17 °C,48%,1007 mbar
07-May-19,6:00 PM,16 °C,48%,1006 mbar
07-May-19,8:00 PM,15 °C,48%,1007 mbar
07-May-19,9:00 PM,10 °C,83%,1008 mbar
07-May-19,11:00 PM,10 °C,88%,1007 mbar
08-May-19,12:00 AM,10 °C,88%,1007 mbar
08-May-19,2:00 AM,9 °C,90%,1007 mbar
08-May-19,3:00 AM,10 °C,86%,1007 mbar
08-May-19,5:00 AM,10 °C,84%,1008 mbar
08-May-19,6:00 AM,10 °C,85%,1008 mbar
08-May-19,8:00 AM,10 °C,88%,1010 mbar
08-May-19,9:00 AM,11 °C,87%,1012 mbar
08-May-19,11:00 AM,12 °C,85%,1013 mbar
08-May-19,12:00 PM,13 °C,72%,1013 mbar
08-May-19,2:00 PM,12 °C,70%,1014 mbar
08-May-19,3:00 PM,12 °C,68%,1014 mbar
08-May-19,5:00 PM,11 °C,80%,1015 mbar
08-May-19,6:00 PM,10 °C,80%,1016 mbar
08-May-19,8:00 PM,9 °C,82%,1016 mbar
08-May-19,9:00 PM,8 °C,82%,1016 mbar
08-May-19,11:00 PM,7 °C,82%,1016 mbar
09-May-19,12:00 AM,7 °C,83%,1015 mbar
09-May-19,2:00 AM,10 °C,74%,1014 mbar
09-May-19,3:00 AM,10 °C,75%,1013 mbar
09-May-19,5:00 AM,11 °C,70%,1012 mbar
09-May-19,6:00 AM,11 °C,69%,1012 mbar
09-May-19,8:00 AM,12 °C,63%,1012 mbar
09-May-19,9:00 AM,12 °C,61%,1012 mbar
09-May-19,11:00 AM,14 °C,54%,1010 mbar
09-May-19,12:00 PM,15 °C,49%,1009 mbar
09-May-19,2:00 PM,15 °C,51%,1008 mbar
09-May-19,3:00 PM,15 °C,52%,1007 mbar
09-May-19,5:00 PM,14 °C,51%,1008 mbar
09-May-19,6:00 PM,13 °C,55%,1008 mbar
09-May-19,8:00 PM,9 °C,84%,1010 mbar
09-May-19,9:00 PM,8 °C,90%,1010 mbar
09-May-19,11:00 PM,8 °C,93%,1010 mbar
10-May-19,12:00 AM,8 °C,94%,1010 mbar
10-May-19,2:00 AM,8 °C,95%,1009 mbar
10-May-19,3:00 AM,8 °C,96%,1009 mbar
10-May-19,5:00 AM,9 °C,97%,1010 mbar
10-May-19,6:00 AM,8 °C,97%,1010 mbar
10-May-19,8:00 AM,9 °C,98%,1012 mbar
10-May-19,9:00 AM,9 °C,100%,1013 mbar
10-May-19,11:00 AM,9 °C,100%,1014 mbar
10-May-19,12:00 PM,9 °C,100%,1015 mbar
10-May-19,2:00 PM,10 °C,97%,1016 mbar
10-May-19,3:00 PM,10 °C,77%,1016 mbar
10-May-19,5:00 PM,10 °C,78%,1019 mbar
10-May-19,6:00 PM,10 °C,72%,1020 mbar
10-May-19,8:00 PM,8 °C,75%,1022 mbar
10-May-19,9:00 PM,8 °C,76%,1022 mbar
10-May-19,11:00 PM,7 °C,76%,1024 mbar
11-May-19,12:00 AM,8 °C,78%,1024 mbar
11-May-19,2:00 AM,8 °C,79%,1023 mbar
11-May-19,3:00 AM,8 °C,83%,1024 mbar
11-May-19,5:00 AM,8 °C,86%,1024 mbar
11-May-19,6:00 AM,8 °C,89%,1024 mbar
11-May-19,8:00 AM,9 °C,93%,1025 mbar
11-May-19,9:00 AM,10 °C,93%,1026 mbar
11-May-19,11:00 AM,11 °C,91%,1026 mbar
11-May-19,12:00 PM,12 °C,88%,1026 mbar
11-May-19,2:00 PM,13 °C,87%,1025 mbar
11-May-19,3:00 PM,12 °C,85%,1025 mbar
11-May-19,5:00 PM,13 °C,84%,1026 mbar
11-May-19,6:00 PM,12 °C,87%,1026 mbar
11-May-19,8:00 PM,12 °C,90%,1027 mbar
11-May-19,9:00 PM,12 °C,85%,1028 mbar
11-May-19,11:00 PM,12 °C,82%,1027 mbar
12-May-19,12:00 AM,12 °C,79%,1027 mbar
12-May-19,2:00 AM,11 °C,82%,1027 mbar
12-May-19,3:00 AM,11 °C,81%,1026 mbar
12-May-19,5:00 AM,11 °C,88%,1026 mbar
12-May-19,6:00 AM,11 °C,88%,1027 mbar
12-May-19,8:00 AM,11 °C,90%,1028 mbar
12-May-19,9:00 AM,12 °C,84%,1028 mbar
12-May-19,11:00 AM,13 °C,77%,1028 mbar
12-May-19,12:00 PM,14 °C,70%,1028 mbar
12-May-19,2:00 PM,14 °C,73%,1027 mbar
12-May-19,3:00 PM,14 °C,65%,1027 mbar
12-May-19,5:00 PM,14 °C,71%,1027 mbar
12-May-19,6:00 PM,14 °C,70%,1028 mbar
12-May-19,8:00 PM,13 °C,74%,1028 mbar
12-May-19,9:00 PM,12 °C,76%,1028 mbar
12-May-19,11:00 PM,12 °C,79%,1028 mbar
13-May-19,12:00 AM,12 °C,79%,1027 mbar
13-May-19,2:00 AM,11 °C,78%,1027 mbar
13-May-19,3:00 AM,11 °C,80%,1026 mbar
13-May-19,5:00 AM,9 °C,88%,1026 mbar
13-May-19,6:00 AM,9 °C,90%,1026 mbar
13-May-19,8:00 AM,9 °C,91%,1027 mbar
13-May-19,9:00 AM,11 °C,88%,1027 mbar
13-May-19,11:00 AM,14 °C,67%,1027 mbar
13-May-19,12:00 PM,14 °C,61%,1026 mbar
13-May-19,2:00 PM,15 °C,58%,1025 mbar
13-May-19,3:00 PM,14 °C,62%,1024 mbar
13-May-19,5:00 PM,14 °C,60%,1024 mbar
13-May-19,6:00 PM,12 °C,65%,1025 mbar
13-May-19,8:00 PM,11 °C,75%,1026 mbar
13-May-19,9:00 PM,12 °C,72%,1026 mbar
13-May-19,11:00 PM,12 °C,70%,1026 mbar
14-May-19,12:00 AM,11 °C,72%,1026 mbar
14-May-19,2:00 AM,11 °C,73%,1026 mbar
14-May-19,3:00 AM,11 °C,73%,1026 mbar
14-May-19,5:00 AM,11 °C,73%,1026 mbar
14-May-19,6:00 AM,11 °C,73%,1026 mbar
14-May-19,8:00 AM,11 °C,72%,1028 mbar
14-May-19,9:00 AM,13 °C,68%,1028 mbar
14-May-19,11:00 AM,15 °C,65%,1029 mbar
14-May-19,12:00 PM,17 °C,61%,1028 mbar
14-May-19,2:00 PM,18 °C,55%,1028 mbar
14-May-19,3:00 PM,17 °C,56%,1028 mbar
14-May-19,5:00 PM,14 °C,74%,1029 mbar
14-May-19,6:00 PM,14 °C,75%,1029 mbar
14-May-19,8:00 PM,10 °C,85%,1030 mbar
14-May-19,9:00 PM,11 °C,89%,1030 mbar
14-May-19,11:00 PM,10 °C,90%,1031 mbar
15-May-19,12:00 AM,11 °C,90%,1030 mbar
15-May-19,2:00 AM,11 °C,90%,1030 mbar
15-May-19,3:00 AM,10 °C,89%,1030 mbar
15-May-19,5:00 AM,11 °C,86%,1030 mbar
15-May-19,6:00 AM,11 °C,85%,1030 mbar
15-May-19,8:00 AM,11 °C,85%,1032 mbar
15-May-19,9:00 AM,12 °C,81%,1032 mbar
15-May-19,11:00 AM,12 °C,65%,1032 mbar
15-May-19,12:00 PM,13 °C,63%,1032 mbar
15-May-19,2:00 PM,15 °C,60%,1030 mbar
15-May-19,3:00 PM,14 °C,62%,1030 mbar
15-May-19,5:00 PM,12 °C,66%,1030 mbar
15-May-19,6:00 PM,11 °C,70%,1031 mbar
15-May-19,8:00 PM,7 °C,87%,1031 mbar
15-May-19,9:00 PM,6 °C,89%,1031 mbar
15-May-19,11:00 PM,7 °C,90%,1030 mbar
16-May-19,12:00 AM,6 °C,89%,1030 mbar
16-May-19,2:00 AM,5 °C,91%,1029 mbar
16-May-19,3:00 AM,5 °C,92%,1029 mbar
16-May-19,5:00 AM,6 °C,91%,1029 mbar
16-May-19,6:00 AM,6 °C,90%,1029 mbar
16-May-19,8:00 AM,7 °C,89%,1029 mbar
16-May-19,9:00 AM,7 °C,75%,1022 mbar
16-May-19,11:00 AM,12 °C,68%,1029 mbar
16-May-19,12:00 PM,12 °C,65%,1028 mbar
16-May-19,2:00 PM,14 °C,62%,1027 mbar
17-May-19,8:00 AM,4 °C,95%,1027 mbar
17-May-19,9:00 AM,8 °C,95%,1028 mbar
17-May-19,11:00 AM,14 °C,70%,1028 mbar
17-May-19,12:00 PM,15 °C,62%,1027 mbar
17-May-19,2:00 PM,18 °C,54%,1026 mbar
17-May-19,3:00 PM,17 °C,54%,1026 mbar
17-May-19,5:00 PM,14 °C,64%,1026 mbar
17-May-19,6:00 PM,12 °C,71%,1027 mbar
17-May-19,8:00 PM,8 °C,87%,1028 mbar
17-May-19,9:00 PM,8 °C,90%,1029 mbar
17-May-19,11:00 PM,6 °C,91%,1029 mbar
18-May-19,12:00 AM,6 °C,93%,1029 mbar
18-May-19,2:00 AM,5 °C,93%,1029 mbar
18-May-19,3:00 AM,4 °C,93%,1029 mbar
18-May-19,5:00 AM,4 °C,93%,1029 mbar
18-May-19,6:00 AM,4 °C,93%,1029 mbar
18-May-19,8:00 AM,4 °C,93%,1030 mbar
18-May-19,9:00 AM,7 °C,92%,1031 mbar
18-May-19,11:00 AM,15 °C,66%,1031 mbar
18-May-19,12:00 PM,17 °C,59%,1030 mbar
18-May-19,2:00 PM,19 °C,44%,1028 mbar
18-May-19,3:00 PM,20 °C,42%,1028 mbar
18-May-19,5:00 PM,15 °C,61%,1028 mbar
18-May-19,6:00 PM,13 °C,66%,1029 mbar
18-May-19,8:00 PM,8 °C,81%,1030 mbar
18-May-19,9:00 PM,7 °C,87%,1030 mbar
18-May-19,11:00 PM,8 °C,89%,1030 mbar
19-May-19,12:00 AM,8 °C,86%,1029 mbar
19-May-19,2:00 AM,7 °C,88%,1028 mbar
19-May-19,3:00 AM,8 °C,88%,1028 mbar
19-May-19,5:00 AM,10 °C,77%,1028 mbar
19-May-19,6:00 AM,12 °C,71%,1028 mbar
19-May-19,8:00 AM,12 °C,70%,1028 mbar
19-May-19,9:00 AM,14 °C,65%,1028 mbar
19-May-19,11:00 AM,20 °C,43%,1028 mbar
19-May-19,12:00 PM,19 °C,45%,1026 mbar
19-May-19,2:00 PM,21 °C,39%,1025 mbar
19-May-19,3:00 PM,21 °C,41%,1024 mbar
19-May-19,5:00 PM,18 °C,48%,1024 mbar
19-May-19,6:00 PM,17 °C,51%,1024 mbar
19-May-19,8:00 PM,14 °C,59%,1024 mbar
19-May-19,9:00 PM,14 °C,59%,1024 mbar
19-May-19,11:00 PM,14 °C,60%,1023 mbar
20-May-19,12:00 AM,15 °C,58%,1022 mbar
20-May-19,2:00 AM,15 °C,55%,1021 mbar
20-May-19,3:00 AM,17 °C,50%,1021 mbar
20-May-19,5:00 AM,18 °C,53%,1020 mbar
20-May-19,6:00 AM,17 °C,57%,1020 mbar
20-May-19,8:00 AM,15 °C,70%,1020 mbar
20-May-19,9:00 AM,15 °C,76%,1020 mbar
20-May-19,11:00 AM,15 °C,76%,1019 mbar
20-May-19,12:00 PM,18 °C,65%,1018 mbar
20-May-19,2:00 PM,18 °C,68%,1018 mbar
20-May-19,3:00 PM,17 °C,69%,1018 mbar
20-May-19,5:00 PM,17 °C,66%,1018 mbar
20-May-19,6:00 PM,16 °C,64%,1019 mbar
20-May-19,8:00 PM,14 °C,71%,1020 mbar
20-May-19,9:00 PM,12 °C,76%,1020 mbar
20-May-19,11:00 PM,12 °C,75%,1021 mbar
21-May-19,12:00 AM,12 °C,77%,1021 mbar
21-May-19,2:00 AM,12 °C,76%,1020 mbar
21-May-19,3:00 AM,12 °C,74%,1020 mbar
21-May-19,5:00 AM,10 °C,80%,1021 mbar
21-May-19,6:00 AM,10 °C,81%,1022 mbar
21-May-19,8:00 AM,11 °C,80%,1023 mbar
21-May-19,9:00 AM,13 °C,79%,1023 mbar
21-May-19,11:00 AM,16 °C,62%,1023 mbar
21-May-19,12:00 PM,17 °C,58%,1023 mbar
21-May-19,2:00 PM,16 °C,64%,1022 mbar
21-May-19,3:00 PM,16 °C,65%,1022 mbar
21-May-19,5:00 PM,15 °C,67%,1023 mbar
21-May-19,6:00 PM,15 °C,70%,1023 mbar
21-May-19,8:00 PM,12 °C,81%,1025 mbar
21-May-19,9:00 PM,12 °C,83%,1025 mbar
21-May-19,11:00 PM,11 °C,85%,1025 mbar
22-May-19,12:00 AM,10 °C,88%,1025 mbar
22-May-19,2:00 AM,9 °C,90%,1025 mbar
22-May-19,3:00 AM,9 °C,90%,1026 mbar
22-May-19,5:00 AM,9 °C,88%,1026 mbar
22-May-19,6:00 AM,9 °C,88%,1026 mbar
22-May-19,8:00 AM,10 °C,84%,1028 mbar
22-May-19,9:00 AM,12 °C,76%,1028 mbar
22-May-19,11:00 AM,17 °C,55%,1029 mbar
22-May-19,12:00 PM,19 °C,49%,1028 mbar
22-May-19,2:00 PM,19 °C,45%,1027 mbar
22-May-19,3:00 PM,19 °C,45%,1027 mbar
22-May-19,5:00 PM,17 °C,55%,1027 mbar
22-May-19,6:00 PM,15 °C,64%,1027 mbar
22-May-19,8:00 PM,12 °C,76%,1028 mbar
22-May-19,9:00 PM,11 °C,79%,1028 mbar
22-May-19,11:00 PM,10 °C,83%,1027 mbar
23-May-19,12:00 AM,9 °C,85%,1027 mbar
23-May-19,2:00 AM,9 °C,84%,1026 mbar
23-May-19,3:00 AM,9 °C,84%,1026 mbar
23-May-19,5:00 AM,11 °C,76%,1025 mbar
23-May-19,6:00 AM,11 °C,74%,1025 mbar
23-May-19,8:00 AM,13 °C,67%,1026 mbar
23-May-19,9:00 AM,15 °C,62%,1026 mbar
23-May-19,11:00 AM,18 °C,51%,1025 mbar
23-May-19,2:00 PM,19 °C,48%,1022 mbar
23-May-19,3:00 PM,20 °C,48%,1021 mbar
23-May-19,5:00 PM,18 °C,53%,1020 mbar
23-May-19,6:00 PM,17 °C,57%,1020 mbar
23-May-19,8:00 PM,17 °C,56%,1020 mbar
23-May-19,9:00 PM,17 °C,51%,1020 mbar
23-May-19,11:00 PM,17 °C,46%,1019 mbar
24-May-19,12:00 AM,18 °C,44%,1019 mbar
24-May-19,2:00 AM,16 °C,51%,1019 mbar
24-May-19,3:00 AM,15 °C,54%,1018 mbar
24-May-19,5:00 AM,14 °C,57%,1017 mbar
24-May-19,6:00 AM,15 °C,56%,1017 mbar
24-May-19,8:00 AM,16 °C,51%,1018 mbar
24-May-19,9:00 AM,13 °C,74%,1019 mbar
24-May-19,11:00 AM,17 °C,62%,1017 mbar
24-May-19,12:00 PM,18 °C,57%,1015 mbar
24-May-19,2:00 PM,20 °C,50%,1013 mbar
24-May-19,3:00 PM,20 °C,50%,1013 mbar
24-May-19,5:00 PM,18 °C,55%,1013 mbar
24-May-19,6:00 PM,17 °C,57%,1014 mbar
24-May-19,8:00 PM,16 °C,69%,1014 mbar
24-May-19,9:00 PM,16 °C,64%,1015 mbar
24-May-19,11:00 PM,14 °C,75%,1015 mbar
25-May-19,12:00 AM,14 °C,78%,1015 mbar
25-May-19,2:00 AM,10 °C,89%,1014 mbar
25-May-19,3:00 AM,8 °C,91%,1014 mbar
25-May-19,5:00 AM,10 °C,92%,1013 mbar
25-May-19,6:00 AM,10 °C,90%,1013 mbar
25-May-19,8:00 AM,11 °C,81%,1013 mbar
25-May-19,9:00 AM,12 °C,81%,1014 mbar
25-May-19,11:00 AM,15 °C,71%,1013 mbar
25-May-19,12:00 PM,14 °C,73%,1012 mbar
25-May-19,2:00 PM,15 °C,69%,1010 mbar
25-May-19,3:00 PM,15 °C,76%,1010 mbar
25-May-19,5:00 PM,14 °C,71%,1010 mbar
25-May-19,6:00 PM,12 °C,76%,1011 mbar
25-May-19,8:00 PM,11 °C,88%,1012 mbar
25-May-19,9:00 PM,11 °C,85%,1012 mbar
25-May-19,11:00 PM,10 °C,78%,1012 mbar
26-May-19,12:00 AM,10 °C,76%,1012 mbar
26-May-19,2:00 AM,9 °C,78%,1012 mbar
26-May-19,3:00 AM,9 °C,80%,1012 mbar
26-May-19,5:00 AM,8 °C,76%,1012 mbar
26-May-19,6:00 AM,8 °C,79%,1013 mbar
26-May-19,8:00 AM,8 °C,79%,1013 mbar
26-May-19,9:00 AM,9 °C,72%,1014 mbar
26-May-19,11:00 AM,11 °C,63%,1013 mbar
26-May-19,12:00 PM,13 °C,61%,1012 mbar
26-May-19,2:00 PM,12 °C,64%,1009 mbar
26-May-19,3:00 PM,12 °C,69%,1008 mbar
26-May-19,5:00 PM,11 °C,75%,1006 mbar
26-May-19,6:00 PM,11 °C,81%,1006 mbar
26-May-19,8:00 PM,9 °C,89%,1007 mbar
26-May-19,9:00 PM,8 °C,89%,1008 mbar
26-May-19,11:00 PM,8 °C,85%,1006 mbar
27-May-19,12:00 AM,8 °C,82%,1006 mbar
27-May-19,2:00 AM,7 °C,76%,1006 mbar
27-May-19,3:00 AM,5 °C,86%,1006 mbar
27-May-19,5:00 AM,6 °C,78%,1005 mbar
27-May-19,6:00 AM,5 °C,77%,1006 mbar
27-May-19,8:00 AM,5 °C,82%,1007 mbar
27-May-19,9:00 AM,5 °C,85%,1008 mbar
27-May-19,11:00 AM,8 °C,82%,1009 mbar
27-May-19,12:00 PM,9 °C,77%,1009 mbar
27-May-19,2:00 PM,10 °C,75%,1010 mbar
27-May-19,3:00 PM,10 °C,74%,1010 mbar
27-May-19,5:00 PM,8 °C,84%,1012 mbar
27-May-19,6:00 PM,8 °C,81%,1013 mbar
27-May-19,8:00 PM,8 °C,73%,1013 mbar
27-May-19,9:00 PM,8 °C,71%,1014 mbar
27-May-19,11:00 PM,8 °C,75%,1013 mbar
28-May-19,12:00 AM,8 °C,77%,1013 mbar
28-May-19,2:00 AM,9 °C,79%,1011 mbar
28-May-19,3:00 AM,9 °C,80%,1011 mbar
28-May-19,5:00 AM,9 °C,80%,1010 mbar
28-May-19,6:00 AM,9 °C,77%,1009 mbar
28-May-19,8:00 AM,9 °C,81%,1009 mbar
28-May-19,9:00 AM,9 °C,82%,1009 mbar
28-May-19,11:00 AM,11 °C,84%,1008 mbar
28-May-19,12:00 PM,12 °C,78%,1007 mbar
28-May-19,2:00 PM,13 °C,71%,1005 mbar
28-May-19,3:00 PM,13 °C,67%,1004 mbar
28-May-19,5:00 PM,12 °C,65%,1003 mbar
28-May-19,6:00 PM,12 °C,67%,1003 mbar
28-May-19,8:00 PM,11 °C,61%,1002 mbar
28-May-19,9:00 PM,11 °C,65%,1002 mbar
28-May-19,11:00 PM,9 °C,75%,1001 mbar
29-May-19,12:00 AM,8 °C,80%,1001 mbar
29-May-19,2:00 AM,8 °C,77%,1000 mbar
29-May-19,3:00 AM,8 °C,73%,1000 mbar
29-May-19,5:00 AM,7 °C,77%,1000 mbar
29-May-19,6:00 AM,6 °C,80%,1001 mbar
29-May-19,8:00 AM,6 °C,73%,1002 mbar
29-May-19,9:00 AM,5 °C,80%,1002 mbar
29-May-19,11:00 AM,6 °C,84%,1004 mbar
29-May-19,12:00 PM,4 °C,85%,1004 mbar
29-May-19,2:00 PM,6 °C,81%,1005 mbar
29-May-19,3:00 PM,6 °C,83%,1006 mbar
29-May-19,5:00 PM,5 °C,83%,1009 mbar
29-May-19,6:00 PM,5 °C,81%,1010 mbar
29-May-19,8:00 PM,5 °C,81%,1012 mbar
29-May-19,9:00 PM,5 °C,84%,1014 mbar
29-May-19,11:00 PM,5 °C,82%,1014 mbar
30-May-19,12:00 AM,5 °C,84%,1015 mbar
30-May-19,2:00 AM,5 °C,84%,1016 mbar
30-May-19,3:00 AM,5 °C,83%,1017 mbar
30-May-19,9:00 AM,7 °C,83%,1022 mbar
30-May-19,11:00 AM,9 °C,77%,1023 mbar
30-May-19,12:00 PM,9 °C,78%,1023 mbar
30-May-19,2:00 PM,10 °C,69%,1023 mbar
30-May-19,3:00 PM,11 °C,71%,1022 mbar
30-May-19,5:00 PM,9 °C,81%,1024 mbar
30-May-19,6:00 PM,9 °C,85%,1024 mbar
30-May-19,8:00 PM,9 °C,92%,1024 mbar
30-May-19,9:00 PM,9 °C,94%,1024 mbar
30-May-19,11:00 PM,9 °C,95%,1024 mbar
31-May-19,12:00 AM,10 °C,96%,1024 mbar
31-May-19,2:00 AM,10 °C,97%,1024 mbar
31-May-19,3:00 AM,10 °C,97%,1024 mbar
31-May-19,5:00 AM,11 °C,98%,1024 mbar
31-May-19,6:00 AM,10 °C,98%,1025 mbar
31-May-19,8:00 AM,10 °C,98%,1027 mbar
31-May-19,9:00 AM,10 °C,98%,1028 mbar
31-May-19,11:00 AM,11 °C,97%,1028 mbar
31-May-19,12:00 PM,12 °C,91%,1028 mbar
31-May-19,2:00 PM,12 °C,80%,1028 mbar
31-May-19,3:00 PM,12 °C,79%,1028 mbar
31-May-19,5:00 PM,11 °C,79%,1029 mbar
31-May-19,6:00 PM,11 °C,84%,1030 mbar
31-May-19,8:00 PM,11 °C,83%,1030 mbar
31-May-19,9:00 PM,10 °C,84%,1031 mbar
31-May-19,11:00 PM,10 °C,86%,1031 mbar
